cluster,health_score,functional_score,participation_score,anos_estudo,multimorbidity_count
0,0.25603198735740945,0.032304802570877963,49.99999999999999,5.443212797110725,9.739679335731294
1,0.6113736135214834,0.42896709573684483,50.00000000000001,6.045562511451483,10.130983925354498
2,0.25469780944285414,0.01182980847889492,50.0,10.844741417782673,9.437887404790528
3,0.24696632243812755,0.00845837127414047,100.0,7.535934342620852,9.723307814968539
