Feature,Importance
idade,0.5046346574742153
renda_percapita,0.24859144199415606
anos_estudo,0.12960567480294888
num_medicamentos,0.06560651902105158
atividade_fisica,0.05156170670762823
